,Hormone Processing,Stromal Cell,Cytoskeleton,B cell,Macrophage,T Cell,Thymus,Cancer Signalling,Tumor,Receptor Ligand,Mast Cell,Myeloid Derived Suppressor Cell,DNA Damage,B Cell,Apoptosis,Proto-Oncogene,Monocyte,Complement,Tumorigenesis,Cytokines & Growth Factors,Chemokine Ligand,Cytokine-Cytokine-Receptor Interaction,Effector Memory,Resident Memory,Activated,Epithelial Cell,C-C Motif Chemokine Receptor,M1,Cytokine Receptor,CD Molecule,Naive,M2,Proliferative,Antigen Presentation,Dendritic Cell,Natural Killer Cell,Checkpoint Inhibitor Target,Don't Eat Me,Plasma Cell,CD8+,Effector,CD4+,Myeloid,Immune Checkpoint,Lineage Marker,Phagocytosis,Immune Escape,Cell Invasion,Metastasis,Intestine,Checkpoint Inhibitor,Cell Cycle Progression,Cell Division,Cancer Stemness,Non-Classical,Angiogenesis,Tumor Suppression,Regulatory,Exhausted,Checkpoint,Immune Cell Migration,Neutrophil,Eosinophil,Monoyte,Fibroblast,Growth,Evasion,Chemokine,Natural Killer T Cell,Tumor Differentiation,Oncogene,N2,Inhibitory,TLS,Tumor Supression,Myeloid Cell,Innate Lymphoid Cell,ILC2,Cytotoxic,Suppression,Immune Signalling,Plasmablast,Immune Cell Regulation,Activation,Proliferation,Tissue Repair,Polarization,Basophil,Survival,Memory,Plasmacytoid,Granulocyte,Exhaustion,Autophagy,TNF Superfamily,Pit Mucous Cell,Megakarocyte,Th2,Pericyte,Th1,Chief Cell,Endothelial Cell,T cell,EMRA,Intestinal Cell,Neutrophils,Cytokine Signalling,Th17,Intestinal
0,-0.06382280156304651,0.043230433310395035,0.03933923958748791,-0.07082983994339825,-0.07619031381397338,0.11081628457831598,-0.17847920128501393,0.08606598538160451,-0.0037520479180782494,-0.036054273167966666,-0.04894022928477238,-0.01205349524107959,0.13847558054464185,0.025337844470022707,0.08976737103718616,0.04354211161116702,-0.0922511153758853,-0.03222634021481199,0.054002164703404916,-0.026113914765736157,-0.026113914765736157,-0.02574198063856601,0.049624600847671896,0.021182005073064808,0.02866921010596811,0.006939885734061518,-0.014911318425872525,-0.01550272916890426,-0.014911318425872525,0.07791591673127297,0.12366741435839636,-0.08347555402350927,-0.023964909875433628,-0.011013225714265556,-0.05564733992523581,0.14789460434931864,0.013828908539980882,0.01236991413205194,0.01782685464055522,0.17059507355043244,0.10887336009502538,-0.03056848958582981,0.0062954597153951205,-0.04845806624496884,-0.0015135508818045788,0.006767542643804644,0.006767542643804644,0.11470765788126186,-0.0023166233968395303,-0.006554199679832076,-0.0036755315285012516,0.09145634884383676,0.12090142821547384,-0.08419175136457914,-0.0100543058443817,-0.10444043032882139,0.029253434159388546,-0.008932303911343097,0.024347851847354322,-0.08045072657053122,-0.05457251035555419,-0.08188767186355929,-0.18119746493684918,-0.18119746493684918,-0.19941185461840774,-0.17608100108299915,-0.17608100108299915,-0.02487644461356401,-0.035802828494126464,-0.08057569932197274,0.00043620610412473706,0.006334402649971794,-0.025425445988260277,-0.016062671225635764,0.16720221306651634,-0.10261692003584717,0.0785785868509126,0.03275164113910219,-0.03634303089651824,-0.11303185190121455,-0.04610468579674234,-0.00732086870059562,0.015572974103982791,-0.05384403374854172,0.09527415905692503,-0.059092954103597856,-0.1795820206646943,-0.014131614043967226,0.7378123976308928,0.7378123976308928,-0.09759294774456052,-0.07752402654832932,0.007344260076812538,-0.049877640956054514,0.0012036518894243127,-0.024058921520661306,-0.01691856352506396,0.07355112617581967,-0.09048184419172887,0.09498029151054721,-0.1200484228433395,-0.13387728655888415,-0.09624207505487044,-0.09624207505487044,0.012075499730895221,-0.21018390755295002,0.053369216796954715,0.06906931633482746,-0.010150522314992461
1,0.1198995292659815,-0.11235670203160897,-0.11412287570740794,-0.22163289175671136,-0.035361158961948226,0.06312524174545357,0.018148221946725933,0.0879661558519872,-0.1852855487206805,-0.27603297386773556,-0.05431200173802672,0.009124125147139924,-0.27780510310610024,-0.03199776514388485,-0.3293247524532716,-0.0025659889706063097,-0.22805805904997486,-0.5221544156187312,-0.03125803984622822,-0.06492555254128721,-0.06492555254128721,-0.06973469926705846,-0.010561138080384428,0.5041446172127567,-0.007411224946481656,-0.30493611778498264,-0.08375935781868411,-0.2499223520761636,-0.08375935781868411,-0.11834071039557681,-0.09716062011697657,-0.22455694468686188,0.06155096427527792,-0.0054056673925555925,-0.22974113125622225,-0.05412078495933912,0.026074999408292877,-0.2742840442745877,-0.14851052494902126,-0.051928763312776016,-0.01901321269115075,0.10946211526747288,-0.2112102356492389,-0.05348824324426915,0.6147385547756707,-0.03385650707387922,-0.03385650707387922,-0.4421008151156436,0.34792834736865447,-0.005618623699844467,-0.046393054920171,-0.148588258143277,-0.37127206301711124,-0.12277705865940605,-0.0686609930763267,0.6085927621922248,0.04219759911713673,-0.06375070509981537,-0.16796277681034805,0.06054211240445255,-0.06434285521356137,0.07659926624878334,-0.3006063552719761,-0.3006063552719761,1.6202003667386344,0.5659165999346958,0.5659165999346958,-0.16812017904717055,-0.25637862255823346,-0.4683397786675299,-0.2117610305592048,-0.255976657064298,0.6123464926953939,-0.014556390508532477,-0.8153934415402233,-0.1596232029179249,-0.2707607312433285,-0.19763180859894192,-0.01992711524294038,-0.46648747771579147,0.205929591638869,-0.07787306719881211,-0.07383699561860875,0.6644283886794883,-0.2956515638748041,-0.04214285917239572,0.7799537932523534,0.019352350096151875,-0.2700913270772766,-0.2700913270772766,-0.18885490198720428,-0.41441343067093306,-0.04111095271318003,-0.3922639628048149,0.025214301808203936,-0.017899332331968918,-0.33306333840664404,-0.24590833195640197,1.6871903201089826,0.011289390014361451,-0.32537760380434705,1.6985920604323412,0.9756143886138261,0.9756143886138261,-0.05209970758205577,-0.017240084701831374,-0.3930374331113726,-0.09505677043665989,-0.01090272787679181
2,-0.01718920266906891,-0.05490206802568484,0.06516952572450253,0.11456980512823067,0.10023000247289247,0.005999849605529969,-0.04587530081045021,-0.0011649006700444051,-0.05829500738352188,-0.24876591355533634,0.08674386406019058,0.03728619352606057,-0.1093206318796436,-0.012667107157558094,-0.05155499010919397,-0.14713158288535394,0.24293241624650166,-0.060646076238134644,-0.11612939491635475,-0.005761290678157566,-0.005761290678157566,0.005894791520261105,-0.001996785106875326,-0.048079644940033965,0.00010433520590020019,0.007934128559826208,0.030365201709628933,0.031827663018097266,0.030365201709628933,0.07000912260549336,-0.032037322033222015,0.16728252961407122,-0.0015881938329850652,-0.00034204005726838345,0.12944635230638488,-0.025374885394736015,-0.029874529628097776,-0.09239310807598855,-0.0648933912659635,-0.004888353889191416,-0.002195609943655157,0.14511080132063933,0.015431894755258808,0.08791281589541113,-0.013918645018609403,-0.08146791531717211,-0.08146791531717211,-0.10892736126950292,-0.10952716053915038,-0.008393743674419448,0.000731684489583375,-0.05084439209127755,-0.11838986676835102,0.27157854434313883,0.085286625967865,0.023703447831638545,0.022630601647264877,-0.05036338618551754,0.021671307462423718,0.22277328757560624,0.02697783550503433,-0.004164519676458964,-0.029395673383493366,-0.029395673383493366,-0.08792663423349933,0.015758652780238202,0.015758652780238202,-0.03282005978620396,0.10527379694000963,0.0014516974082263237,-0.0799069893219197,-0.08425836646300915,0.13620222865501708,0.00178245863178699,-0.12319787477932909,0.04726299134712003,-0.017671217487638308,-0.014524095943727946,0.014321444969339597,-0.04122995115349681,0.037325961867346026,-0.02299839689965912,-0.0028450158242239883,0.00480308126026498,-0.04170446043311268,-0.006146356343214222,0.11529286965940522,-0.010596520745399634,-0.009753677052539399,-0.009753677052539399,0.21832886779327274,0.24986982165629607,-0.015138753225878909,-0.22340414030312522,0.014751421950973943,-0.012551302709031313,-0.012185408199620506,-0.12141523081477573,-0.18471189079839118,-0.14539542619170548,-0.007276878980916024,-0.013493844074220086,-0.05946557305903329,-0.05946557305903329,-0.015607611121819598,0.18907605521027332,-0.08258655404743315,-0.2696085099331764,-0.005309831848428468
3,0.03348341200353033,0.03832129808812318,0.0062081753417536,-0.10228493244674902,-0.028095411366653906,-0.008142073925073379,-0.006833038710007071,0.06439803985609499,-0.06554065897195534,-0.12141383542581083,-0.02405716484083115,-0.0023540091047432343,-0.13172490264636508,-0.004526396108849362,-0.0771542681668943,-0.019667922449780245,-0.09481639503168364,-0.19413124092203352,0.03519982941549902,-0.024295613007326324,-0.024295613007326324,-0.02942053746662555,-0.020866277005799242,0.13997860698630088,-0.02510014371563845,-0.020522387730082005,-0.041527993212046865,-0.08315963604727436,-0.041527993212046865,-0.06054720009749617,-0.02402214414059822,-0.09499708290997783,0.004338437492230395,0.004123581640592351,-0.054443579115812296,-0.02703475975296727,-0.009886275687409097,-0.12368387187288406,-0.039356425606107366,-0.017917182152028796,-0.01903158997442927,0.0015643325337008863,0.018616559311569192,-0.03809002562331748,0.20243361297518206,-0.035742986857386146,-0.035742986857386146,-0.04634604715368968,0.15003596007709288,0.006957405719641255,-0.007658717855503605,-0.020689029144945092,-0.012258206839703354,-0.02561214186619511,-0.02525083299217286,0.18965757374699965,0.032308327065324806,-0.024778147530924038,-0.04649445088317513,-0.03381040067153391,-0.034553992894360584,0.015876321289035596,-0.06836876379704765,-0.06836876379704765,0.6226324848997057,0.06202494981684056,0.06202494981684056,-0.028081969399739382,-0.11531327444304561,-0.07106329758279752,-0.050778787410574185,-0.08188172037808004,0.16192196836638698,-0.0006351261082933354,-0.10796705392923214,-0.08479934535007384,-0.06625788711969643,-0.0429049886723947,-0.025571425363344582,-0.11911917299874208,-0.009387085356617747,-0.014854432172457216,-0.01253402207211907,0.014754257445462812,-0.013235232325175946,0.0014000817202719253,0.1911158860069293,0.006709109533202043,-0.04700730054758736,-0.04700730054758736,-0.07126394421334893,-0.13605786251371155,-0.014090702669277718,-0.2270792323539737,-0.0020673332753136644,-0.0014372445823249323,-0.13532246090275438,-0.10562459071324463,0.9397617443456873,0.039499466240411535,-0.03415357003463542,0.20401506366679714,0.270034064453503,0.270034064453503,0.00613021998006784,-0.17657355846496425,-0.12233505287104188,-0.09694458078578347,-0.00329257483785872
4,0.0021048432996343225,0.04526510689750402,0.4428499230270478,-0.03487773019313853,-0.02518913562986542,-0.009845796261473312,-0.002498903612049821,0.01903269389885035,-0.05689867112069332,-0.03647023717600746,0.0028435027656821465,0.0018749026466629386,-0.10504766377875858,0.08379292501571321,0.12149719016393111,0.009789044560968302,-0.03774768916140533,-0.10454145927187898,0.08538858309976632,0.01955627111284717,0.01955627111284717,0.011079015546254156,-0.0013119228480587878,-0.013004347933738508,-0.001153802042033323,0.06219582850413361,-0.003599128240194028,-0.009057272763908887,-0.003599128240194028,-0.017185504116675906,0.03143104228777768,-0.10052576879205534,-0.0022056900667102495,0.00837338642031391,-0.03941261302072063,-0.0028978605210149646,-0.03248202711855274,-0.020236925962605783,0.027397868398988147,0.00019936408335657823,0.0017333588198636851,0.04403127834928593,-0.05239281129180358,-0.012029848888656778,-0.049940972720525584,0.09133123653514413,0.09133123653514413,0.3031500096736579,0.07324651674613344,0.005212122486878774,-0.005697612612475956,0.4452024759040072,0.29864648341129746,-0.010778257803163363,-0.02860454328263527,0.0002971116813195915,-0.11293961664476036,0.010230827591591708,-0.003949077977089852,-0.05684463504793607,-0.040052712781691445,-0.10830239583785914,-0.016390066486000252,-0.016390066486000252,-0.07747049786102138,-0.00549335164655678,-0.00549335164655678,-0.014965798575562968,-0.15702855340479668,-0.031485540271964804,-0.013250466550975011,-0.12639325923318515,-0.19559260033230286,0.005591950001100985,-0.02238718239643866,-0.0655634006213739,0.02054218948194618,0.0244971802502216,0.02599792494937351,-0.06362252677249751,0.010486754335446595,0.02641452960724498,-0.00935476235550187,-0.033481028943551504,0.28418699699001926,0.002429013972622197,-0.1038266834552357,-0.0158503937407557,0.014339767643239049,0.014339767643239049,-0.021701736507197457,-0.03804077709940717,-7.461353243006968e-05,0.0631040037237853,-0.012523573915028667,0.00040984210811450373,0.029401103924126405,0.03822400764985324,-0.16444622201837011,-0.10568375259382287,0.013366090666664611,0.04878107944641938,-0.04201514780326401,-0.04201514780326401,0.013832760522677007,0.3729097421177789,-0.1710121544983273,0.037395144029971024,-0.0066993718313909855
5,0.00615306745794002,0.02709845826150476,0.3615660755706346,-0.030889460343294827,0.06319107867467649,-0.03315420365221049,-0.045549025712626215,0.05138972725285866,-0.03303765564565286,-0.048789147674857376,0.0558587702445372,-0.006249339738831008,-0.07516863588190449,0.12469719098151003,0.08814781945302179,-0.07658918059920312,0.1316170221496502,-0.05290443433193629,0.08912815872293944,0.00177484593853874,0.00177484593853874,0.01047764281619566,0.03492053626933057,-0.02338877834844645,0.04563530779762681,0.009821650583172201,0.020521904577172095,0.006060226383206043,0.020521904577172095,0.004196336633994863,-0.038313116558169345,-0.04828299423237063,0.002980913072357444,0.010983584371691146,0.03048529876520064,0.00024342158134693472,-0.04433128014924916,-0.019060800136076344,-0.003727141430163261,0.008766162445841073,0.0245769094585373,0.12198392344246678,-0.06542071009580425,0.04144008477806659,-0.10375786325572424,0.11337070304914278,0.11337070304914278,-0.012177940984453144,-0.04567584649912544,-0.0017516980495616476,0.0027791177570468256,0.6547451730983823,0.3568057374669163,0.07814801566068041,0.09874576934764624,-0.03384424886606094,-0.09659784854383735,0.004865173114359192,0.016251224827899518,0.016926672947264486,-0.051610188124729194,-0.10576285619437989,-0.009033147939160673,-0.009033147939160673,-0.1948901290891247,0.019286309783705297,0.019286309783705297,-0.06157534247787886,-0.1822264068005152,-0.07048395752113917,-0.07331677354398582,-0.21058021550065806,-0.1311970028492102,-0.006185444682358498,-0.04495803657415423,-0.03688842939704028,-0.06360542934354738,-0.03768954472088271,0.11108957945271318,-0.07058125645435176,0.07080110719177225,0.01046747405861659,-0.021336645028799697,-0.11170376175595007,0.30996068837813573,0.007075931174335559,-0.0486612550852802,-0.009782483213439715,0.04012592588252628,0.04012592588252628,0.08592127931969115,-0.008916655267895379,0.011838390800618291,0.22686964205905885,-0.0011459489166600165,0.006115922906863287,0.06705491223255353,0.01334524623427109,-0.21692102683095138,-0.03805598454376185,0.0016696346617561739,-0.04490953691321533,-0.08390794810523254,-0.08390794810523254,0.016938480497111025,0.585442077559072,-0.18042758186488778,-0.0023247618494585134,-0.0063905478841425395
6,0.00044962564114288037,-0.02466524575291402,-0.08806534577984484,-0.020791233669790604,-0.05061219402100823,0.009632975376246144,-0.0037046237449990522,-0.01556589083904079,-0.040874197020457,-0.02294936408723991,-0.01588383274831896,0.0018342361375318747,-0.1520431158476658,-0.02676509743827621,-0.006002486762240554,-0.011900810380077398,-0.06364548942052861,-0.05624704940964881,0.024150754678415442,0.00991259591964753,0.00991259591964753,0.0014403102677478896,-0.017286102441594557,-0.014884116696916989,-0.020766240866212843,0.05109762724197498,-0.010754399686155084,-0.04330162176632806,-0.010754399686155084,-0.01609629151091364,0.041168295901590234,-0.069328025052369,-0.0010859990901598202,-0.003659877754938067,0.027184973434383215,-0.0020492493537288613,0.09257143693911636,0.07845372233817154,-0.002960162653502983,-0.008446990111950659,-0.010959490806602083,-0.0052644120582518265,0.06337235669017373,-0.013474465201020424,-0.014730601270433732,-0.024492147206655934,-0.024492147206655934,0.07811170870323889,0.0918161055994397,0.0065050770573249605,-0.0011459082172770555,-0.09325427230862914,0.022204259275457276,0.001481681648863679,-0.06110003106617375,0.012631005710674777,-0.05185079585883269,0.006036935444462998,-0.020531709535142703,-0.05167717453223126,0.05859559504507289,-0.016628492464367896,0.10411315423867616,0.10411315423867616,-0.04761408335680459,-0.04955294495305243,-0.04955294495305243,0.05354890479427841,0.0728630893005859,0.011992523134715981,0.0020520271864311037,-0.028446840572943315,0.053995683503243144,0.00669928078617151,0.020970743065773408,0.06814885207914903,0.0588235120493235,0.04365757244150298,-0.022603063143156313,0.18264962511325708,-0.026329941232205407,0.01812493945144227,-0.00645122426466559,-0.010054314098725658,-0.06047897254282853,0.00864507293287104,-0.03958743662570911,-0.0034936761786162284,-0.014666848051019407,-0.014666848051019407,-0.014118912772768947,0.0024551315056708213,-0.0021079732730097714,-0.1888060052904593,-0.008717095690314194,0.0013659314952888051,0.036410347405958915,0.039169820126338344,-0.023106912053756302,0.11435111983573423,0.007759252802036438,-0.003142735478699024,-0.03568539633251675,-0.03568539633251675,-0.0032853205571993374,-0.09717333936012527,0.2621344401331922,0.017079674344231494,0.004872133383528518
7,0.02370399345224895,0.06323056966004305,-0.019600466828044085,-0.04852708257479631,-0.03221568378355733,-0.01906424224529156,0.027010683786477398,0.10571750926000299,0.011043956108906326,-0.12876203495690336,-0.022195902779335357,-0.00452739643766842,0.08899329164588275,-0.03425749822105872,-0.020385093137709632,0.1687373087047381,-0.1297351272864716,-0.11841448627341726,0.042982200034592286,0.001199657733482445,0.001199657733482445,-0.004334868167454469,-0.022159405523295487,-0.04302191823419702,-0.026026230315337465,0.07578007981250423,-0.013823277154247731,-0.014717808685683063,-0.013823277154247731,-0.04748762725452714,0.019528323141357315,-0.09458256727963418,0.0015517273790858917,0.004737550010040218,-0.04218956455722934,-0.034761693040412656,0.08089329010749337,0.0718079130895368,0.056540737745626984,-0.017791995982054356,-0.02498496066587723,-0.07606495646386359,0.020900772314320713,-0.07538083456808843,-0.06308014830831367,0.10193780359635904,0.10193780359635904,0.07148651117508292,-0.039079888283182734,0.0026298106761903145,-0.0039864411553574685,-0.24810098507056358,-0.0009436286529609751,-0.09455933509549448,-0.07628612100987443,-0.10952736870323358,0.06432197725843945,0.04822990995073281,-0.002102732533913802,-0.10345545303614903,0.016878926827419344,0.03988801401576006,-0.02242475180960807,-0.02242475180960807,-0.16260561425180986,-0.05334622944061004,-0.05334622944061004,0.04429603906031685,0.038713195870396115,0.0010354624516019202,0.04397401684102113,-0.03562374556014216,0.044823332926272184,0.0019475826655918666,0.12422862345653647,-0.06987036444039538,0.0907747979624088,0.06965518938896062,-0.04782407994400263,-0.024689096054261016,0.002298379222228516,0.03361844490830615,0.014121514179976563,-0.034688090045482,-0.04985759332047395,0.00989661001964655,-0.1307286407681347,0.01663041443077221,-0.03835309215033475,-0.03835309215033475,-0.10880998163633482,-0.10385279996512675,0.008857732183764944,-0.005592717376563767,-0.009029222804957465,0.019713083648602848,0.04154236717950101,0.12906773814692557,-0.01515939368486703,0.06130816538977594,0.03841386198674898,-0.1649600526105019,-0.060957181083773966,-0.060957181083773966,0.009601541563233423,-0.24155740260719255,0.0697821035322031,0.2593676359207707,0.007001112203119542
8,-0.0028314773455895836,-0.07231532946464314,-0.213316567702276,0.043679388581319624,0.004792770635791384,0.023964304707785253,0.002144497947792569,-0.08521907911414876,-0.07813597967826652,-0.0618845455306223,0.015332310337163457,-0.0008792865298811025,-0.1742196315199576,-0.010430555085121997,-0.006776217409214447,-0.03222090083787533,-0.0007933666163555559,-0.12238016604831932,-0.0828025059960874,0.02090509148078503,0.02090509148078503,0.012853165143104818,-0.011205596978251532,-0.007796706280283227,-0.013793858568801928,-0.02525583620270122,0.0044655447865213985,-0.007251607193274079,0.0044655447865213985,0.05389118372749178,0.06091463750823488,0.07310980638629651,-0.003223726575795243,-0.003400400623207219,0.009760848585159777,-0.0013201380018908319,0.0314874235444958,0.07114594296823365,-0.011644107838725538,-0.0007828051986871175,-0.0020258494042108416,0.055455413827032084,-0.05324860935852641,0.010850951454162882,0.05725622593030359,0.01081808148127291,0.01081808148127291,0.0974044665442457,0.02294866545805864,0.0004863194921971498,-0.006718586669656145,0.19918365660325732,-0.02631912973180998,-0.0011779475930193972,0.005966625500462568,0.07612051719112634,-0.09008857981891738,-0.037383603736453,-0.005007470169728622,-0.04295279255307956,0.0357248091841959,0.08192411794177389,-0.012139052050690295,-0.012139052050690295,0.09942814874258502,-0.01884215423551599,-0.01884215423551599,0.03175289840107886,0.11512896244036304,0.009742699152342245,0.012285300316574238,0.08651122542799848,-0.10662422331367347,0.006911474637143463,-0.1848610141363872,-0.029350981785824275,0.05660155930317631,0.03815205047100859,-0.010588694134624993,-0.025190672629715825,-0.039866447605873954,0.002880584152959625,0.012707112322657034,0.05112243311131856,-0.02512828917066007,-0.0016940044160346352,0.04217489642096794,-0.01038102672036415,0.0049884183094786125,0.0049884183094786125,0.045220250017825155,0.029854427786318555,-0.004288976050106002,-0.16898920912536836,-0.007038972176935433,-0.004507625524670676,0.07989225443653393,-0.25460866076132244,-0.04311269652623687,-0.12547323494235393,0.0063685976652551,0.07648583864952808,-0.023525722435909998,-0.023525722435909998,0.00023182324815741894,0.15498221010615928,-0.04318916985225412,-0.2489338384056933,0.00472360965761594
9,0.0033363140497015176,-0.16643316490508134,-0.25638748834180314,-0.0587014041309422,-0.002319285614866775,-0.010352580660518407,0.08261604555569636,-0.28423345782872056,0.12582786182792752,0.4783469411865508,-0.03869010285156318,-0.0015995126568461666,0.05635524261427234,-0.07434029596018353,0.004843979144997507,0.053777236468711694,-0.07508971162413819,0.3983396026265648,-0.03609493755989001,0.003930432754823759,0.003930432754823759,0.003300898672581321,-0.015525328152197716,-0.031563276036696834,-0.016971916466735036,-0.08356768528999725,-0.0010406941384162051,0.06231825421044352,-0.0010406941384162051,0.010429959078097255,-0.007892661989226581,0.12245156656687214,-0.0043252026727089625,-0.005816345990588825,-0.018050737746507995,-0.03872346114454825,-0.16067974781483796,-4.279336816116231e-05,0.03520779536803793,-0.008463957418271656,-0.009862317478928942,-0.11513783879850414,-0.018639539881749254,-0.014226310354735408,0.020595638606242764,-0.05811754460042816,-0.05811754460042816,-0.013707076117385352,-0.016444001776657526,0.00038589451666021116,-0.009861336240994719,-0.3638963877525353,-0.13029618105179813,-0.053152760546801604,-0.11462585768602356,-0.0743507125045619,-0.11659353584998702,0.017707950590016123,0.005593883036434725,-0.055244565165133125,-0.005310479816250215,0.06960540938351323,-0.022351077705740772,-0.022351077705740772,0.010471590317505159,-0.03794753681898935,-0.03794753681898935,0.03826468737337767,0.012666862234921587,0.11049144951386634,0.11284298116156657,0.24903457970431933,-0.24579212722034866,0.002811216021561768,0.12386062976953358,-0.046563730306309066,-0.017016760558438586,-0.01118313715560938,-0.01838691173679204,-0.03513269254351213,-0.05900060734227939,-0.0040012413257008925,-0.016328270080747644,-0.05255851825282874,-0.2092843632778224,0.0037598315553453473,-0.01818719774122329,0.008899123665384333,-0.016710124909901158,-0.016710124909901158,-0.06283154798809043,-0.06758074075962635,-0.004372779487188366,0.551119229926878,-0.0030570184676228236,-0.0034401587560620533,-0.0450994998105983,0.1170511659935776,0.007441059085671359,0.055087858166786255,0.022980755941491838,-0.1350421198626095,-0.03614233359748536,-0.03614233359748536,-0.003517899725124418,-0.044694868475695954,0.11468781928091948,0.10511405718965033,0.002946520775228815
10,0.006837017939463188,0.030994083933901972,0.10137875237955615,-0.03049772343718303,-0.0490713398413391,-0.033044928008282,0.0012984935515432674,-0.05161542045040314,-0.013280296863049301,-0.002529511919932437,-0.025100781273468507,0.0014806111385478765,-0.03807259488710323,0.14047648041532856,0.04087620215784652,-0.006975198419937066,-0.023186079313651197,-0.009332368514969927,0.10768376344157694,0.0025606618803893557,0.0025606618803893557,-0.005623397036374234,-0.0233564270769221,-0.03147295754504415,-0.0272907436914205,0.022652966315524187,-0.02103498508167721,-0.028813373799825594,-0.02103498508167721,-0.04802032274072929,0.019266985461268368,-0.06632105506342692,0.0020921830321513984,0.005217970704648828,-0.02153119130767073,0.06847016454469299,-0.10990665545664326,-0.031267537441677914,0.007980437442503758,-0.014554558966510582,-0.022684195461437958,-0.03921192662795285,0.05741576869569545,-0.03694958525332933,-0.049273591469519096,0.12913110821157867,0.12913110821157867,0.057698072069679966,-0.01585316418585523,0.0014029216532644763,0.0013468676299344946,0.9124302696596988,0.22124817950327427,-0.02134263631823818,0.12250716867104407,-0.037010883757705566,-0.00890898080736002,-0.01585802775212427,-0.016478821687131235,-0.06879120573168694,-0.02228410618447433,-0.05518921558834553,-0.009777261536697246,-0.009777261536697246,-0.12891579561236655,-0.041470722471373296,-0.041470722471373296,0.009336053466769084,-0.05765686478790432,0.04154725930894531,-0.01636471353402666,0.025235826732727402,-0.13038700671371264,0.0037413822908080488,0.14690226714671983,-0.03518772002300015,0.025411851786458665,0.023103487695811647,-0.041741378169738184,-0.021478559146453993,-0.09132965275122451,0.005999411230147033,0.0031870377374249317,-0.008190393993094944,0.3910460503073742,0.017356283386087874,-0.12694675979755066,0.0008157278604847785,-0.02751662623820497,-0.02751662623820497,-0.06784623397257,-0.05917088787230936,0.03840161825797068,-0.03202924558312207,-0.006846417394163705,0.018425186113477442,0.07586738481516353,0.08136545839791738,-0.04120839066317806,0.0363333220702646,0.046929211200927426,-0.06903941032448384,-0.038534973796436826,-0.038534973796436826,0.0058546951969743865,-0.21942047306858112,0.045530371513586736,-0.10533134446249505,0.008223430218590119
11,0.00407862175842054,0.12774852314526822,-0.24986645249000564,-0.13974807167535042,-0.038211603518117664,-0.01825493084074577,0.014401815776515966,-0.02843510283528218,0.13453804756331042,0.3583382575785896,-0.06597501836060457,-0.0010089171059941692,0.007456531058695986,-0.05664988514144032,-0.006981889213607475,0.020570596531937407,-0.12156992062105525,0.2197338913161979,0.09217431085005613,-0.013740846259833581,-0.013740846259833581,-0.014798348713174253,-0.02167927890984875,-0.041815336056482584,-0.026987823077708268,0.037267407986323796,-0.021649511859858476,-0.02223633782533163,-0.021649511859858476,-0.039009000140844775,-0.017414419841478655,-0.08762803228975286,-0.0061661239269767566,-0.0010394433678478374,-0.05123483574618417,-0.01974863277525262,0.4312088766673237,0.5269118015608947,0.02000462170573316,-0.02163317431399157,-0.026018427916259083,-0.1475814211894516,-0.030054790666699985,0.009070546032692667,-0.06508574295219212,-0.04346308924520697,-0.04346308924520697,-0.05696809651692462,0.1632708065078307,0.007448540443857131,0.025019164298706913,-0.328113671049104,-0.019399095384170905,-0.023158495008108702,-0.1539922339838287,-0.1375421996504835,-0.1321954597337745,0.039272908295485694,-0.029075983426571656,-0.0643216761826907,0.22768584691394245,0.08023753732719797,0.7206009435999514,0.7206009435999514,-0.0035183549430269643,-0.1396392861711303,-0.1396392861711303,0.09678983906634027,0.03434452254421802,-0.019531797417316307,0.06041368440744881,0.038730213953043616,0.06709522159466062,0.0025321956075607605,-0.0393605591150722,0.5134193901326148,0.022514778372367542,0.019291205650534046,-0.04701308795350647,1.1277544334184517,0.08104811234235994,0.024686424484559155,-0.04076361378021847,-0.16786706493156858,-0.134774205044622,0.028344893992501025,-0.036927574922400785,0.024683301492026865,-0.06509066254234896,-0.06509066254234896,-0.1317963899195351,-0.10675347278885144,0.004808357393253196,0.25408297254729284,-0.0017741957533121838,0.01176567149170158,0.019904871355210622,0.038448762569507626,0.007747888741796965,0.3971534786623998,-0.02051257154539169,-0.19284820199844158,-0.10738986634452306,-0.10738986634452306,0.0019450249666292674,-0.33924229266770967,0.49255832826264173,0.2813271374493163,0.0048966169209446455
12,0.023892985252061103,0.2463961266521583,0.1519461420008872,-0.022269446658105634,-0.06742877889510443,-0.010847055969566852,-0.016357041640771598,0.24603372682335004,-0.019834286596576125,-0.25721493082365765,-0.010811766679505837,0.002735726661674301,0.07528507391504347,0.0024374229839088657,0.07441846491671292,0.06041863374195064,-0.10280505848413321,-0.14832673408075506,0.027838168427508476,0.0044601802672881346,0.0044601802672881346,-0.00564344970007447,-0.022719541737708657,-0.026283257577613642,-0.027977337447861076,0.11973998034888464,-0.022145168750556013,-0.00780657377269084,-0.022145168750556013,-0.04593891528250741,0.0434527718634468,-0.11611603659397692,0.0012210929411766319,0.000992935443177497,-0.015527253896581288,0.02940219316259967,0.06026579472596096,-0.07174913643892251,0.03580300705746147,-0.009855959295523865,-0.016870286177409,-0.02040662278908035,0.09001548434264536,-0.06402098521550846,-0.06327337414231979,0.012708954841141522,0.012708954841141522,0.3078576338214399,0.027841244341438823,0.0071389841145099,-0.005930008405891871,-0.15434041734118037,0.09736099914756896,-0.04891178954328413,-0.04811677225611858,-0.09360451677631762,0.2128727168469301,0.011853695483143006,0.01464251819168422,-0.06181301886926077,-0.03008483454545514,-0.05248053438659677,-0.02733599553103006,-0.02733599553103006,-0.1379701777104352,-0.035085314300001565,-0.035085314300001565,0.0049824624331338534,-0.019433506651074045,0.027591302330761836,0.022352217931647916,-0.04968346773163684,0.07669201998644445,0.006393291172717378,0.25030638640659514,-0.054725066445683375,0.09112152571796978,0.06793331550206812,-0.03075812185188654,-0.05054664468476511,-0.06535664628462219,0.02063192958337854,0.026932005197869934,0.011097319466571023,0.05275916080273817,0.01686391225120013,-0.1651828707898143,-0.005473133759340543,-0.018956445260197213,-0.018956445260197213,-0.0562361512953073,-0.03986932103748375,0.0059706463098796025,-0.39959503445973293,-0.005818330303478459,0.017215602968390066,-0.02364334971013835,0.05398756603574373,-0.16192379211606672,-0.11028072750645287,0.040869635857085626,-0.040268327334149326,-0.030934780653507743,-0.030934780653507743,0.006546666996293256,-0.1507614508404379,-0.10448624166644366,0.024045539860660967,0.007669437417923078
13,0.02138806141145499,0.056924547981423275,-0.08181275921539298,-0.09011177155022473,-0.045560552875223655,-0.028430210851334518,0.041078311894215444,0.011720011078897844,0.093060069197252,0.23967018863060321,-0.03926065873065141,0.004404759503265465,0.15156260679525155,-0.03521807943497381,0.08822175724067198,0.11222985480849548,-0.1187153110279626,0.23724003844051342,0.07081558677448796,-0.004932674032748635,-0.004932674032748635,-0.012265326614389121,-0.022489294698511998,-0.04134824469661269,-0.026527710876720807,0.024074534340015386,-0.02996919303703096,0.006322791663323255,-0.02996919303703096,-0.05575277671777224,-0.0033762813539377086,-0.01120282399002901,-0.0016347486926913683,0.0022664807168952996,-0.037466833849244825,-0.016917699383991285,-0.10553598859578131,-0.0938102735729617,0.06283278713037815,-0.01689533579725795,-0.02377444837214216,-0.1196036875189302,0.04048068657181135,-0.06404423134025194,-0.05856387269229471,-0.005423141975791097,-0.005423141975791097,0.15875872266564964,0.018568607486445746,0.0044376731566814496,0.002397608823199991,-0.4051290386349982,0.007129109728105685,-0.06375600867176603,-0.10596727353857235,-0.15163485497204313,0.08151184540162228,0.037293673259920036,0.024717494637380915,-0.07175249603539871,-0.03319199842106504,-0.00796279648376264,-0.036238276334862485,-0.036238276334862485,-0.15825442960802877,-0.04949249759806336,-0.04949249759806336,0.02895960345824845,-0.0537875656957388,0.14242479200295505,0.10355570992566573,0.14738015729320197,-0.03478047260317069,0.006836453942684779,0.23760438289110083,-0.06821730162796402,0.039099245253124186,0.03514123398988418,-0.03476834564297109,-0.06909765050523993,-0.0552991851038397,0.010417537193341058,-0.005165929921474176,-0.0657611019402737,-0.06518242049187697,0.026316281081919083,-0.12767265065792804,0.014254163115684042,-0.03112444086205153,-0.03112444086205153,-0.11356292123168382,-0.10425535887546387,0.007554844309662712,0.3175342508026648,-0.003669739225307967,0.015464857317478783,-0.07769405677034372,0.06089193634553354,-0.04232600117918422,0.07600786071976821,0.06802743125360391,-0.16103312894348823,-0.04515647068024429,-0.04515647068024429,0.006958950838476573,-0.23993295271432438,0.11972698601314127,0.2114065913429359,0.006124933806892858
14,0.029030230011144277,0.17822379522565318,0.23034210359544818,-0.061049051827851045,-0.06933076425723703,-0.04770821361685078,-0.014798419320325901,0.19143220588518853,-0.01752820274572836,-0.23449542807735752,-0.03263223210279042,0.0014537708205185267,0.116542280150221,0.17616261223034016,0.07483771281871986,0.06711827954390202,-0.06439400480771415,-0.180214609422082,0.15240905979957473,-0.004956375743191744,-0.004956375743191744,-0.013342598574727945,-0.026158093655286655,-0.04474177783362212,-0.03394876616613603,0.05483697011272178,-0.030597821827993803,-0.052640400031249215,-0.030597821827993803,-0.08047364805369915,0.03177358302022744,-0.17120423191701373,0.011580658821214892,0.008999296060823767,-0.07145384040196727,0.07466737490722891,0.042468959269429986,0.027768358398323135,0.054102210508558665,-0.01770407862717051,-0.03361103300595992,-0.03793009941543616,0.04681340277687195,-0.08080253406532774,-0.10273393787957795,0.18767906328146755,0.18767906328146755,0.10327613842197964,-0.04054269646690487,0.005381089814456857,0.004042866444073568,0.8106853414013117,0.4094246170673126,-0.07421473851668559,0.1662780275358352,-0.12488189652656444,0.12346009701556004,0.006443151927271573,-0.009127773988429204,-0.10828092699082073,-0.036747382736575594,-0.06813499925494916,-0.02221041098472249,-0.02221041098472249,-0.20809509423306763,-0.06640407127690025,-0.06640407127690025,-0.009600247103239676,-0.1252541985277418,-0.0019015224750420195,-0.030569233848168956,-0.06763357431641498,-0.032503027655882234,0.0016507373143213582,0.18878775685007315,-0.05649572101708217,0.07937206827243506,0.068048578974759,-0.0649782274011549,-0.023051829714189166,-0.04439587833802083,0.027775542149621593,0.020566956953367528,-0.030342866690595452,0.4022573741874908,0.03195503921472528,-0.20762982866413546,0.00834457888454963,-0.036258189862568596,-0.036258189862568596,-0.14022537350260683,-0.13912817306573905,0.06545585664621793,-0.16590327294542961,-0.011852975824830142,0.03515262991669182,0.07772023066235725,0.027317104907251075,-0.10779437495320658,0.03232725201246135,0.05489961634738196,-0.13394643969304296,-0.060204180940061254,-0.060204180940061254,0.013948820346834735,-0.3630125434543295,-0.04256136947150377,0.00999286345155723,0.009090448545860589
15,0.006511198177786302,-0.15837974676346492,-0.2339618184679337,-0.14976558392398637,0.03490516505704181,-0.029954757322258236,0.164432136548665,-0.2624094106045261,0.18704546156933488,0.7596471901214078,-0.06624510429599824,-0.0032069038903641683,0.16839685513493294,-0.06235224694643821,0.0597790225357389,0.12142020001449498,-0.05390991862141691,0.5016020847506513,0.006324158652641177,0.0031745487291477714,0.0031745487291477714,0.005928681083607212,-0.01228107933031012,-0.054719512658792956,-0.012522547521280165,-0.09460654352445523,-0.0037072330619467055,0.06633939456871386,-0.0037072330619467055,0.002634715850582281,-0.06508222172876164,0.24608844658528134,-0.0035137737801947287,-0.0002661861735902333,-0.0421628380028195,-0.052766846158058815,-0.1323395991988728,0.05376481834496773,0.05309241759562047,-0.010839409574856714,-0.009500970291185006,-0.18823758125662635,-0.045059159865508604,0.022080029506617513,-0.01748023778551325,-0.07924922988916987,-0.07924922988916987,-0.13905566785077342,-0.03530892269913846,-0.002949843252087896,-0.0009516322828176191,-0.4709876690915515,-0.1724962316460157,-0.04457103991718657,-0.1470031289686039,-0.2089430454517689,-0.12566271889648908,0.03744144574750735,0.027739476209902008,-0.01767646819925158,-0.021018095627544545,0.08266667210995725,-0.020865931535366943,-0.020865931535366943,-0.028368306776781583,-0.048493271196425325,-0.048493271196425325,0.049821938380491884,-0.10829339644601942,0.19501837278061757,0.1546226666292127,0.39315381356731566,-0.27199822425441245,-0.0021154102688164976,0.10549625056560914,-0.0597173188703835,-0.07035973860328697,-0.0506997974897667,-0.002733087224853977,-0.05883892311945546,0.005885657668128122,-0.00829244831547051,-0.01036638343539608,-0.15752186600720974,-0.1893117537450827,0.0037308605986872715,-0.0075413979247570566,0.02340740222653562,-0.010751431055546304,-0.010751431055546304,-0.12232921335175033,-0.1402318844136973,-0.009425539452601826,0.6579756177244241,0.004144262718083071,0.006167322672184334,-0.0922055620018179,0.07357335709367593,-0.030559664897902943,0.14716080827482586,0.030680434374538174,-0.27374103422823015,-0.06219500432524166,-0.06219500432524166,0.001802911203314081,0.03130167529767931,0.17516620938898325,0.25239255560595825,-0.0018727312838459776
16,0.005856030267442382,0.17007767946768748,0.2437790498880711,0.038301321562693245,-0.04720684678683602,0.012665292878090952,-0.013963577244511102,0.14568026928392652,-0.08728291442071671,-0.3104401665405114,0.009185516972611548,-0.0011905681538862478,-0.16083902517064783,0.04612903332932617,0.031451422293452436,-0.041020865485777165,-0.02469040166493465,-0.1980678020826368,-0.034096568188891174,0.017600365007707335,0.017600365007707335,0.0063342006493086935,-0.015971652684487508,-0.00665317094964422,-0.019010958465723288,0.135288407431269,-0.007229913192633636,-0.019861642510418664,-0.007229913192633636,0.0051115546296762755,0.07384563304511395,-0.0653537508679159,-0.0008856774398435374,-0.0040946754268313176,0.02438757096891878,0.042994160175831096,0.07273002021527844,-0.04736554437257704,-0.014103830009938272,-0.00012162744556371808,-0.004770521744232882,0.06744129791775494,0.10307330783655017,-0.012847568320000499,0.016438695855615217,0.02254334199653447,0.02254334199653447,0.22065454621175162,0.03947922793013768,0.0014530733565555635,-0.011096467084270485,0.38866412690432395,0.09353091112479417,-0.010814037925448359,0.02257610492835513,0.03983924705187989,0.08870497251650121,-0.04638272813577349,-0.00499092830561713,-0.05416823007955155,0.003226371514083011,-0.033740227503908836,-0.019703781661614607,-0.019703781661614607,0.012856559777398172,-0.018020613612236627,-0.018020613612236627,0.012734198628680159,0.07271346645183321,0.00492936627201274,-0.03298949511513842,-0.03444852624502985,-0.034772677713321834,0.012538187100862595,0.03457602550386659,-0.03425788483243682,0.07905733538067991,0.0565528094558742,-0.016226798090270774,-0.03540146831138687,-0.09696058398035733,0.00979584361036894,0.03571128774942754,0.05974193077358651,0.15534638859795016,0.006081830786941675,-0.06689158728148564,-0.008656090735490384,0.0014639438902456924,0.0014639438902456924,0.02342619911163886,0.031321833006801435,0.008795127677892525,-0.6605948563668297,-0.008448009565215311,-0.0030407465751825266,0.06964784717620462,-0.08049071804127184,-0.12494615003993041,-0.17731160888402048,0.016249321320398264,0.10423716779263376,-0.017250273845238133,-0.017250273845238133,0.0011209813274693726,0.016519931249760474,-0.1278557365463265,-0.2935690934561368,0.006014909940148309
17,0.0004211456353949661,0.0442580640120818,-0.08116921899153268,0.021510346178162585,-0.044396910345550294,0.007280281697257537,0.0025352579487864717,-0.04183677852690746,-0.03712973077910791,-0.1322710761608482,0.0002664869218171001,-0.0013151157635106958,-0.07348165770510375,-0.03690065185954372,0.0171837795786943,-0.0024938156416741326,-0.05488076126840756,-0.06431872671007453,-0.05062572888234161,0.015495275586575489,0.015495275586575489,0.004759352060996167,-0.01665669456973268,-0.013546388202670085,-0.01976629364263265,0.06615723123364264,-0.009947354826118363,0.002023790039774812,-0.009947354826118363,-0.004951278973675898,0.05225206537094821,-0.014306131341459081,-0.0016287333912680527,-0.0022760722165611584,0.041281647126627,0.0015882665761365548,-0.05642570800454938,-0.09135634642581246,0.0017595483891851595,-0.00496174572314515,-0.00865834595330015,0.009191256449404755,0.09409698042373563,-0.02048523686365708,0.005565465301019477,-0.02861583644348814,-0.02861583644348814,0.14699095468340512,0.0034996838236809554,0.003264389235059784,-0.010028079066103746,-0.1291191839841006,-0.03477500718434926,-0.020781602157564867,-0.0471089893811587,0.014121290227353039,0.06681450094359473,-0.019452595478801543,0.00516730785802156,-0.04830028042992534,-0.0019588975088651304,0.005939644849006465,-0.021070415834218384,-0.021070415834218384,-0.032664488336452274,-0.02757616937896083,-0.02757616937896083,0.028899875848453882,0.08877087427285747,0.06112649103577466,0.031021342086832337,0.047212892136232934,-0.03929034694450114,0.007184693885471512,0.210031528091234,-0.043463956788280585,0.07307480137208423,0.053132934665578134,-0.019955411968818143,-0.044700424924558134,-0.12400316913375298,0.0004013152853191985,0.014775139888964886,0.04034142823644514,-0.0898795404562979,-0.0002503346517286425,-0.0721433241738122,-0.008778337210326762,-0.005269092153880468,-0.005269092153880468,0.009729430120278689,0.017323106999462583,-0.001780528745492235,-0.28275712181477064,-0.009573850505106852,0.0012780797391494585,0.0401936467304958,0.050865506224446994,-0.07662819101910052,-0.12407768855982716,0.029608028559795906,0.011245622625233298,-0.01829399879938927,-0.01829399879938927,0.005092132164630858,-0.001069321098329182,-0.03133743200361362,-0.15580086678739888,0.004716050464132111
18,-0.13427815553618416,-0.3200211194787679,0.0862822516211521,0.8324925862859961,0.36257880291789074,0.03034391435746699,-0.15516543214151546,-0.03136208380128849,-0.07467563939413534,-0.5214895587037104,0.30118798141611863,-0.01755379617422412,0.10236160700841448,-0.031936485608966926,-0.2368944147116064,-0.4800102694219428,0.8695217578681929,-0.09118838515231295,-0.34750030034131646,-0.015753656284985356,-0.015753656284985356,0.06286217657607161,0.13480653831371808,-0.056258607065392485,0.1837339750694509,-0.11464720078525718,0.20069677285571333,0.22497320707406618,0.20069677285571333,0.2421770276740337,-0.2314893756906178,0.33807220919965647,-0.01329371406437238,0.0003826303590598622,0.3666212392402124,-0.0663774030663536,-0.0730840773051008,-0.12399204483124962,-0.20850019567151828,-0.012579603413940675,0.043283958665553686,0.41715049614807675,-0.04364911373830625,0.32275551737441116,-0.0360162528028514,-0.20774876959881872,-0.20774876959881872,-0.7208348412118588,-0.37055888157581846,-0.017825072224987065,0.06072893708584655,-0.03791860910172846,-0.4386012989500123,0.32353983180415824,0.5153917918425004,0.5159268554744693,-0.028156998805505557,-0.04664495123794664,0.0992467643459246,0.5608620707912501,0.034152992256324934,-0.006379629674386108,-0.06456893917606546,-0.06456893917606546,-0.19090681398204704,0.2553184678542155,0.2553184678542155,-0.14790837595892886,0.4285280246034883,-0.14131245650939958,-0.23026338786748973,-0.37529258346598604,0.30529335807787494,-0.009799919905562861,-0.6230107255194313,0.2880536817116871,-0.2588303091993281,-0.21432042740532778,0.24601829855720136,-0.1135124813158481,0.2512117482486981,-0.10059744258468072,0.0379384000739312,0.10819924644930083,-0.12237916836989128,-0.04095723265816865,0.4200704577216509,-0.04374597066858777,-0.03908803861793539,-0.03908803861793539,0.8147692315522561,0.9952716131063569,-0.08887197447874906,-0.056826616950741746,0.016315378931399966,-0.04202680961877899,0.1815190624526675,-0.24773533195850134,-0.5388994911565461,-0.373090684892636,-0.07544682227709797,-0.02139126924823124,-0.16052311171209863,-0.16052311171209863,-0.02467129094019502,0.8876675724617478,-0.38397919110820244,-0.45781319399490783,-0.018639830716938244
19,-0.9151634086567657,-0.6075301840124673,0.2142442474847366,-0.3933187483226061,-0.1230817316157889,1.4487870497969777,-1.5443138682484343,0.050318060265381166,-0.26385911562641484,0.08850270519829599,-0.48462209204443,-0.44557770034578403,0.573775961739974,-0.008865177604385753,0.4902908412421062,-0.3244222907709136,-0.08838183757760189,-0.39042917907743707,-0.2690518230594276,-0.19613154289509183,-0.19613154289509183,-0.05324074732853701,1.9425272025804508,1.6596476488724352,1.7698203188997113,-0.6075137171012771,0.3518091273287796,0.08809126959581919,0.3518091273287796,0.979606417304908,1.7210233404881106,-0.08668113566176129,-0.5492593099370632,-0.39332491847323287,-0.3946302568889708,1.999504039953562,-0.08986675545460607,0.31038831629661223,-0.43828953286486166,2.542978984194825,2.562520081702336,0.6224609379667191,-0.7886192038437644,0.42469200524285483,-0.001027511029893739,-0.355916539173765,-0.355916539173765,-0.34707977970461606,-0.16713048860450266,-0.33423558284419796,0.12155557967316717,0.14970202612650343,-0.5953164013012714,-0.45760660567535333,-0.1933443502402221,-0.0058479612055094615,-0.33346890671829627,-0.22035165798175013,0.5261815653353772,0.2881684343247846,-0.2745088262932271,-0.4231243786238356,-1.3538901041963407,-1.3538901041963407,-0.20862046410866567,-0.5213029594324735,-0.5213029594324735,-0.4648306873576245,-0.08944047114214881,-0.7426241267771421,-0.34872261097436735,-0.2625917689606613,-0.17888587916174162,-0.6064354641952979,-0.583905642389033,-0.29549089338082496,-0.05630465366184375,-0.3447955726446902,1.886474541703561,-0.6046174349982373,0.04162191372421455,-0.3854192041076433,0.2645211142143312,0.16312398826819408,-0.3042731075273741,-0.7777674386673432,-0.10054298263966592,-0.4629484602129585,3.948641666619298,3.948641666619298,-0.18338361202846695,0.1794842064036652,0.3560349141874287,-0.32729180391868606,0.5879464580055328,-1.182503719455138,-0.22269917780505422,-0.27932336662505863,-0.15143935970744973,0.468564417600669,-1.480424689535792,-0.022995844769059463,2.448103647891133,2.448103647891133,-0.09531879442412654,0.7011228014677376,-0.1402629427508105,-0.1392854258056583,-0.4447378748769634
